timestamp,bandwidth_mbps,hour,day_of_week,day_of_month,month,is_weekend,lag_1,lag_2,lag_3,lag_24,lag_48,lag_168,rolling_mean_24,rolling_std_24,predicted,capacity_mbps,utilization_pct,recommendation
2025-06-23 00:00:00,715.5466950926058,0,0,23,6,0,422.51882694762617,403.56484117478857,438.6027504297725,420.196623260051,408.8527065703994,694.8431658342075,496.5509979535207,99.0841853161418,681.55505,1000,0.68155505,MAINTAIN
2025-06-23 01:00:00,668.9967808824254,1,0,23,6,0,715.5466950926058,422.51882694762617,403.56484117478857,415.39303510187295,428.1979506904498,697.095296892451,508.8572509465439,107.19770744216449,691.7329,1000,0.6917329,MAINTAIN
2025-06-23 02:00:00,725.0893718965648,2,0,23,6,0,668.9967808824254,715.5466950926058,422.51882694762617,407.6572770092823,425.724172144628,699.5195975726435,519.4240736874002,110.0455120543968,698.073,1000,0.6980729999999999,MAINTAIN
2025-06-23 03:00:00,734.4971278141195,3,0,23,6,0,725.0893718965648,668.9967808824254,715.5466950926058,429.5005105554965,413.66936571351295,705.8504320782655,532.6504109743703,114.9930570175055,716.5114,1000,0.7165114,MAINTAIN
2025-06-23 04:00:00,709.8760445352142,4,0,23,6,0,734.4971278141195,725.0893718965648,668.9967808824254,587.2285187602672,433.2929354156766,701.6934450479662,545.3586033601463,119.84854793786673,707.665,1000,0.707665,MAINTAIN
2025-06-23 05:00:00,711.4197304450745,5,0,23,6,0,709.8760445352142,734.4971278141195,725.0893718965648,430.5841424855578,410.5811550317449,704.2660751965063,550.4689169341024,124.24566189682562,746.8709,1000,0.7468709,MAINTAIN
2025-06-23 06:00:00,704.8514047957809,6,0,23,6,0,711.4197304450745,709.8760445352142,734.4971278141195,403.3803549638631,429.4197279713952,683.4523049555354,562.1703997657489,125.68028033871067,696.2501,1000,0.6962501,MAINTAIN
2025-06-23 07:00:00,795.9604006319123,7,0,23,6,0,704.8514047957809,711.4197304450745,709.8760445352142,579.8322681348758,467.4819052450351,807.9403392577752,574.7316935087455,124.1762387784317,798.52844,1000,0.79852844,SCALE UP
2025-06-23 08:00:00,831.3598030388416,8,0,23,6,0,795.9604006319123,704.8514047957809,711.4197304450745,495.3295823807798,524.3007217472317,870.3408966441614,583.7370323627887,132.14349879540208,871.0486,1000,0.8710486,SCALE UP
2025-06-23 09:00:00,933.2575929619204,9,0,23,6,0,831.3598030388416,795.9604006319123,704.8514047957809,539.1165397091304,566.9805426847308,890.8511495600462,597.7382915568746,139.94099865859064,893.46014,1000,0.8934601400000001,SCALE UP
2025-06-23 10:00:00,962.3600909857432,10,0,23,6,0,933.2575929619204,831.3598030388416,795.9604006319123,800.2185727523048,576.2925078582846,960.8128822747084,614.1608354424075,155.07137269930314,974.43243,1000,0.9744324299999999,SCALE UP
2025-06-23 11:00:00,979.155372065873,11,0,23,6,0,962.3600909857432,933.2575929619204,831.3598030388416,606.2476654912565,583.914498509921,993.385777120462,620.9167320354674,166.63078596587096,1030.1862,1000,1.0301862000000002,SCALE UP
2025-06-23 12:00:00,984.4977635634124,12,0,23,6,0,979.155372065873,962.3600909857432,933.2575929619204,599.038383046062,625.0355964766576,1017.5416220766072,636.4545531427432,181.89096131547615,1005.3613,1000,1.0053613000000001,SCALE UP
2025-06-23 13:00:00,996.046891234622,13,0,23,6,0,984.4977635634124,979.155372065873,962.3600909857432,597.8817095472534,594.8077157795747,999.3899896638547,652.5153606642994,194.98971201484275,1000.2463,1000,1.0002463,SCALE UP
2025-06-23 14:00:00,994.7314137422068,14,0,23,6,0,996.046891234622,984.4977635634124,979.155372065873,572.2764485023228,600.2914858424468,948.3952485929832,669.1055765679397,206.72457517185435,978.574,1000,0.9785739999999999,SCALE UP
2025-06-23 15:00:00,898.5859780437497,15,0,23,6,0,994.7314137422068,996.046891234622,984.4977635634124,552.8599562941267,560.7347191131424,913.6242687625996,686.7078667862684,215.90318688172863,927.89355,1000,0.92789355,SCALE UP
2025-06-23 16:00:00,905.7084457346332,16,0,23,6,0,898.5859780437497,994.7314137422068,996.046891234622,492.26426210099817,535.0455899864809,857.2613160319564,701.1131176925027,218.10678290487223,860.7511,1000,0.8607511,SCALE UP
2025-06-23 17:00:00,788.3218395408002,17,0,23,6,0,905.7084457346332,898.5859780437497,994.7314137422068,471.13723158089726,481.7875828744354,789.5441329017392,718.3399586772374,217.2197993014436,820.1823,1000,0.8201823,SCALE UP
2025-06-23 18:00:00,715.8302112934706,18,0,23,6,0,788.3218395408002,905.7084457346332,898.5859780437497,418.9454299703572,433.7000852277403,691.2871292370351,731.5559840088999,211.0881232986943,702.09143,1000,0.70209143,MAINTAIN
2025-06-23 19:00:00,744.366437296472,19,0,23,6,0,715.8302112934706,788.3218395408002,905.7084457346332,408.13313557293577,427.276823328512,686.4020932201653,743.9261832306962,200.4004600455663,687.43744,1000,0.6874374400000001,MAINTAIN
2025-06-23 20:00:00,716.2067185871707,20,0,23,6,0,744.366437296472,715.8302112934706,788.3218395408002,425.31588511261936,435.1750979236455,733.7695075081805,757.9359041358438,187.22465105497437,716.5854,1000,0.7165854,MAINTAIN
2025-06-23 21:00:00,681.401105555968,21,0,23,6,0,716.2067185871707,744.366437296472,715.8302112934706,438.6027504297725,422.9466709665416,703.212922837783,770.0563555306167,173.68138354899494,711.48474,1000,0.71148474,MAINTAIN
2025-06-23 22:00:00,712.6135422704936,22,0,23,6,0,681.401105555968,716.2067185871707,744.366437296472,403.56484117478857,429.9814513213967,688.9243972156553,780.1729536608749,160.0736374613616,693.0349,1000,0.6930349,MAINTAIN
2025-06-23 23:00:00,703.9511125228664,23,0,23,6,0,712.6135422704936,681.401105555968,716.2067185871707,422.51882694762617,431.0998233449995,722.8073486578784,793.0499828731959,139.57903650956823,698.23224,1000,0.6982322400000001,MAINTAIN
2025-06-24 00:00:00,683.9237815319852,0,1,24,6,0,703.9511125228664,712.6135422704936,681.401105555968,715.5466950926058,420.196623260051,711.8335287481924,804.7763281054977,117.10979055414124,702.2711,1000,0.7022711,MAINTAIN
2025-06-24 01:00:00,712.4509231273764,1,1,24,6,0,683.9237815319852,703.9511125228664,712.6135422704936,668.9967808824254,415.39303510187295,725.6676805811322,803.4587067071384,118.32892872462553,717.4407,1000,0.7174407,MAINTAIN
2025-06-24 02:00:00,715.6845706436172,2,1,24,6,0,712.4509231273764,683.9237815319852,703.9511125228664,725.0893718965648,407.6572770092823,716.5532709594323,805.2692959673446,116.50035326575524,709.5033,1000,0.7095033,MAINTAIN
2025-06-24 03:00:00,738.456853522004,3,1,24,6,0,715.6845706436172,712.4509231273764,683.9237815319852,734.4971278141195,429.5005105554965,681.4554510601441,804.8774292484718,116.79721566677856,706.8096,1000,0.7068096,MAINTAIN
2025-06-24 04:00:00,708.4223771002652,4,1,24,6,0,738.456853522004,715.6845706436172,712.4509231273764,709.8760445352142,587.2285187602672,723.5073537351788,805.0424178196337,116.69622646801992,716.5479,1000,0.7165479,MAINTAIN
2025-06-24 05:00:00,711.5372478856021,5,1,24,6,0,708.4223771002652,738.456853522004,715.6845706436172,711.4197304450745,430.5841424855578,695.7816195941768,804.9818483431774,116.74813449208058,702.4477,1000,0.7024477,MAINTAIN
2025-06-24 06:00:00,680.1775123648724,6,1,24,6,0,711.5372478856021,708.4223771002652,738.456853522004,704.8514047957809,403.3803549638631,718.4189439852977,804.9867449031995,116.74404216125562,705.9481,1000,0.7059481,MAINTAIN
2025-06-24 07:00:00,805.991670446553,7,1,24,6,0,680.1775123648724,711.5372478856021,708.4223771002652,795.9604006319123,579.8322681348758,779.2361454305466,803.9586660519117,117.768349114917,784.69977,1000,0.7846997699999999,SCALE UP
2025-06-24 08:00:00,805.7418750178209,8,1,24,6,0,805.991670446553,680.1775123648724,711.5372478856021,831.3598030388416,495.3295823807798,851.11142034759,804.3766356275215,117.75652872445552,838.28864,1000,0.83828864,SCALE UP
2025-06-24 09:00:00,914.2958497802211,9,1,24,6,0,805.7418750178209,805.991670446553,680.1775123648724,933.2575929619204,539.1165397091304,935.9717790212007,803.309221959979,117.61732882990994,905.80725,1000,0.90580725,SCALE UP
2025-06-24 10:00:00,952.3862621840416,10,1,24,6,0,914.2958497802211,805.7418750178209,805.991670446553,962.3600909857432,800.2185727523048,968.5687958122292,802.5191493274083,116.76708518864638,979.10486,1000,0.9791048600000001,SCALE UP
2025-06-24 11:00:00,994.0309505853188,11,1,24,6,0,952.3862621840416,914.2958497802211,805.7418750178209,979.155372065873,606.2476654912565,998.5491721989744,802.1035731273374,116.18979604589542,993.2025,1000,0.9932025,SCALE UP
2025-06-24 12:00:00,1035.1865149424616,12,1,24,6,0,994.0309505853188,952.3862621840416,914.2958497802211,984.4977635634124,599.038383046062,1004.5542757126904,802.7233888989809,117.21053870328792,1004.9034,1000,1.0049034000000001,SCALE UP
2025-06-24 13:00:00,1059.4111799703442,13,1,24,6,0,1035.1865149424616,994.0309505853188,952.3862621840416,996.046891234622,597.8817095472534,989.4980397448666,804.8354202064414,121.02304205093908,989.85596,1000,0.98985596,SCALE UP
2025-06-24 14:00:00,954.750789377252,14,1,24,6,0,1059.4111799703442,1035.1865149424616,994.0309505853188,994.7314137422068,572.2764485023228,955.368080012612,807.4755989037631,125.96599990342013,959.2044,1000,0.9592044,SCALE UP
2025-06-24 15:00:00,922.0623252312204,15,1,24,6,0,954.750789377252,1059.4111799703442,1035.1865149424616,898.5859780437497,552.8599562941267,916.4798331778502,805.8097395552232,123.6245370096765,918.9694,1000,0.9189693999999999,SCALE UP
2025-06-24 16:00:00,870.5586673366355,16,1,24,6,0,922.0623252312204,954.750789377252,1059.4111799703442,905.7084457346332,492.26426210099817,847.1138385181982,806.7879206880347,124.4804630380934,850.8537,1000,0.8508537,SCALE UP
2025-06-24 17:00:00,782.4005444740582,17,1,24,6,0,870.5586673366355,922.0623252312204,954.750789377252,788.3218395408002,471.13723158089726,759.4450369620059,805.323346588118,123.4686774212766,783.21124,1000,0.78321124,SCALE UP
2025-06-24 18:00:00,744.2480972035289,18,1,24,6,0,782.4005444740582,870.5586673366355,922.0623252312204,715.8302112934706,418.9454299703572,681.9147976584445,805.0766259603371,123.51003685758168,713.83075,1000,0.71383075,MAINTAIN
2025-06-24 19:00:00,736.4445349971526,19,1,24,6,0,744.2480972035289,782.4005444740582,870.5586673366355,744.366437296472,408.13313557293577,740.6834164325896,806.260704539923,122.75112858327395,697.1025,1000,0.6971025,MAINTAIN
2025-06-24 20:00:00,707.6510052568755,20,1,24,6,0,736.4445349971526,744.2480972035289,782.4005444740582,716.2067185871707,425.31588511261936,676.222413956177,805.9306252774512,122.93531215751398,697.6511,1000,0.6976511000000001,MAINTAIN
2025-06-24 21:00:00,715.691237813612,21,1,24,6,0,707.6510052568755,736.4445349971526,744.2480972035289,681.401105555968,438.6027504297725,695.6505558377071,805.5741372220223,123.2188838402266,695.6741,1000,0.6956741,MAINTAIN
2025-06-24 22:00:00,716.6037269114524,22,1,24,6,0,715.691237813612,707.6510052568755,736.4445349971526,712.6135422704936,403.56484117478857,685.3324489453446,807.0028927327575,121.9082955943623,696.9356,1000,0.6969356,MAINTAIN
2025-06-24 23:00:00,751.2115154302506,23,1,24,6,0,716.6037269114524,715.691237813612,707.6510052568755,703.9511125228664,422.51882694762617,704.293746908143,807.1691504261307,121.77662098038728,692.2656,1000,0.6922655999999999,MAINTAIN
2025-06-25 00:00:00,737.153179926867,0,2,25,6,0,751.2115154302506,716.6037269114524,715.691237813612,683.9237815319852,715.5466950926058,680.6410076622632,809.138333880605,120.40940555536136,692.1034,1000,0.6921033999999999,MAINTAIN
2025-06-25 01:00:00,708.4305465200389,1,2,25,6,0,737.153179926867,751.2115154302506,716.6037269114524,712.4509231273764,668.9967808824254,662.9041122417591,811.3562254803919,118.4774597892877,687.4256,1000,0.6874256000000001,MAINTAIN
2025-06-25 02:00:00,725.8739231399572,2,2,25,6,0,708.4305465200389,737.153179926867,751.2115154302506,715.6845706436172,725.0893718965648,700.7018626171023,811.1887097884195,118.62613138261985,697.6072,1000,0.6976072,MAINTAIN
2025-06-25 03:00:00,699.2089394543825,3,2,25,6,0,725.8739231399572,708.4305465200389,737.153179926867,738.456853522004,734.4971278141195,690.6120018930793,811.6132661424335,118.28721573564412,712.6868,1000,0.7126868,MAINTAIN
2025-06-25 04:00:00,682.0336935130956,4,2,25,6,0,699.2089394543825,725.8739231399572,708.4305465200389,708.4223771002652,709.8760445352142,676.9326416568874,809.977936389616,119.60652756259502,692.205,1000,0.6922050000000001,MAINTAIN
2025-06-25 05:00:00,724.7068444762286,5,2,25,6,0,682.0336935130956,699.2089394543825,725.8739231399572,711.5372478856021,711.4197304450745,702.725116982862,808.8784079068173,120.69702917200986,711.74677,1000,0.71174677,MAINTAIN
2025-06-25 06:00:00,723.8912143050746,6,2,25,6,0,724.7068444762286,682.0336935130956,699.2089394543825,680.1775123648724,704.8514047957809,698.9501363638344,809.4271410980933,120.26440068035888,691.039,1000,0.691039,MAINTAIN
2025-06-25 07:00:00,804.1597122806702,7,2,25,6,0,723.8912143050746,724.7068444762286,682.0336935130956,805.991670446553,795.9604006319123,800.455641611283,811.2485453456019,118.54047328552844,809.5895,1000,0.8095895000000001,SCALE UP
2025-06-25 08:00:00,846.5605724846428,8,2,25,6,0,804.1597122806702,723.8912143050746,724.7068444762286,805.7418750178209,831.3598030388416,835.247874326922,811.1722137553567,118.5445952666816,851.5927,1000,0.8515927000000001,SCALE UP
2025-06-25 09:00:00,940.3689927928742,9,2,25,6,0,846.5605724846428,804.1597122806702,723.8912143050746,914.2958497802211,933.2575929619204,907.3905188856857,812.8729928164743,118.7559258582668,911.08014,1000,0.91108014,SCALE UP
2025-06-25 10:00:00,940.923400488888,10,2,25,6,0,940.3689927928742,846.5605724846428,804.1597122806702,952.3862621840416,962.3600909857432,945.844039983797,813.9593737753348,119.8384087804386,973.83673,1000,0.97383673,SCALE UP
2025-06-25 11:00:00,1000.8647843475886,11,2,25,6,0,940.923400488888,940.3689927928742,846.5605724846428,994.0309505853188,979.155372065873,1004.3097998875204,813.4817545380369,119.28427914917404,982.11115,1000,0.9821111499999999,SCALE UP
2025-06-25 12:00:00,1016.7554642938242,12,2,25,6,0,1000.8647843475886,940.923400488888,940.3689927928742,1035.1865149424616,984.4977635634124,1011.785506117187,813.7664976114647,119.74128716231697,998.40826,1000,0.99840826,SCALE UP
2025-06-25 13:00:00,951.6519540094268,13,2,25,6,0,1016.7554642938242,1000.8647843475886,940.923400488888,1059.4111799703442,996.046891234622,981.8034237761688,812.9985371677714,118.31001772824276,986.0178,1000,0.9860177999999999,SCALE UP
2025-06-25 14:00:00,982.7764915251314,14,2,25,6,0,951.6519540094268,1016.7554642938242,1000.8647843475886,954.750789377252,994.7314137422068,962.1250692573466,808.5085694193999,110.32732540263544,972.74927,1000,0.97274927,SCALE UP
2025-06-25 15:00:00,968.1938896015668,15,2,25,6,0,982.7764915251314,951.6519540094268,1016.7554642938242,922.0623252312204,898.5859780437497,898.4124472314068,809.6763070088949,112.07693900648468,918.03345,1000,0.91803345,SCALE UP
2025-06-25 16:00:00,871.5790589474198,16,2,25,6,0,968.1938896015668,982.7764915251314,951.6519540094268,870.5586673366355,905.7084457346332,804.0557857188968,811.5984555243259,114.45847188688175,840.49677,1000,0.84049677,SCALE UP
2025-06-25 17:00:00,802.9349708203277,17,2,25,6,0,871.5790589474198,968.1938896015668,982.7764915251314,782.4005444740582,788.3218395408002,818.7863004263467,811.640971841442,114.48151244716804,823.4886,1000,0.8234886,SCALE UP
2025-06-25 18:00:00,697.7234693890625,18,2,25,6,0,802.9349708203277,871.5790589474198,968.1938896015668,744.2480972035289,715.8302112934706,669.0720078807561,812.4965729392032,114.33011062628437,715.26996,1000,0.71526996,MAINTAIN
2025-06-25 19:00:00,717.082976674282,19,2,25,6,0,697.7234693890625,802.9349708203277,871.5790589474198,736.4445349971526,744.366437296472,713.7844933640857,810.5580467802671,115.92096785873947,704.4719,1000,0.7044719,MAINTAIN
2025-06-25 20:00:00,735.7020757294041,20,2,25,6,0,717.082976674282,697.7234693890625,802.9349708203277,707.6510052568755,716.2067185871707,693.9911751620809,809.7513151834809,116.5249711389925,709.4624,1000,0.7094624,MAINTAIN
2025-06-25 21:00:00,650.7468088933261,21,2,25,6,0,735.7020757294041,717.082976674282,697.7234693890625,715.691237813612,681.401105555968,688.440436210219,810.9201097865028,115.59329289112922,695.59546,1000,0.69559546,MAINTAIN
2025-06-25 22:00:00,702.3653958698392,22,2,25,6,0,650.7468088933261,735.7020757294041,717.082976674282,716.6037269114524,712.6135422704936,691.8820457744232,808.2140919148243,118.63953860859618,704.92487,1000,0.70492487,MAINTAIN
2025-06-25 23:00:00,693.1495126790663,23,2,25,6,0,702.3653958698392,650.7468088933261,735.7020757294041,751.2115154302506,703.9511125228664,688.2021773680198,807.6208281214236,119.15205177694456,709.891,1000,0.7098909999999999,MAINTAIN
2025-06-26 00:00:00,696.0270081427784,0,3,26,6,0,693.1495126790663,702.3653958698392,650.7468088933261,737.153179926867,683.9237815319852,684.8811756999156,805.201578006791,120.92345192312187,701.94824,1000,0.70194824,MAINTAIN
2025-06-26 01:00:00,703.9081435520078,1,3,26,6,0,696.0270081427784,693.1495126790663,702.3653958698392,708.4305465200389,712.4509231273764,670.7098754706083,803.4879875157873,122.21419133812462,696.6258,1000,0.6966258000000001,MAINTAIN
2025-06-26 02:00:00,733.5450859392517,2,3,26,6,0,703.9081435520078,696.0270081427784,693.1495126790663,725.8739231399572,715.6845706436172,687.1061260728148,803.2995540587862,122.37051240518888,694.6808,1000,0.6946808,MAINTAIN
2025-06-26 03:00:00,748.5459913711034,3,3,26,6,0,733.5450859392517,703.9081435520078,696.0270081427784,699.2089394543825,738.456853522004,691.8086635935306,803.6191858420901,122.16933696933336,693.7597,1000,0.6937597,MAINTAIN
2025-06-26 04:00:00,708.0711292155283,4,3,26,6,0,748.5459913711034,733.5450859392517,703.9081435520078,682.0336935130956,708.4223771002652,720.073073824504,805.67489633862,120.74283003289594,710.2293,1000,0.7102293,MAINTAIN
2025-06-26 05:00:00,703.2397790502317,5,3,26,6,0,708.0711292155283,748.5459913711034,733.5450859392517,724.7068444762286,711.5372478856021,688.2687998175893,806.7597894928881,119.6960305151349,707.7213,1000,0.7077213,MAINTAIN
2025-06-26 06:00:00,721.7365174911756,6,3,26,6,0,703.2397790502317,708.0711292155283,748.5459913711034,723.8912143050746,680.1775123648724,716.0153958098163,805.8653284334715,120.41390915376547,718.2706,1000,0.7182706,MAINTAIN
2025-06-26 07:00:00,751.3419254869767,7,3,26,6,0,721.7365174911756,703.2397790502317,708.0711292155283,804.1597122806702,805.991670446553,776.5949926534755,805.7755493995592,120.47847126890606,789.5888,1000,0.7895888,SCALE UP
2025-06-26 08:00:00,871.4538254843841,8,3,26,6,0,751.3419254869767,721.7365174911756,703.2397790502317,846.5605724846428,805.7418750178209,833.8818621110993,803.5748082831552,120.9905848135943,841.38794,1000,0.84138794,SCALE UP
2025-06-26 09:00:00,935.0917188192656,9,3,26,6,0,871.4538254843841,751.3419254869767,721.7365174911756,940.3689927928742,914.2958497802211,945.4691854856223,804.6120271581444,121.48082017369,961.31366,1000,0.9613136600000001,SCALE UP
2025-06-26 10:00:00,948.9074937866442,10,3,26,6,0,935.0917188192656,871.4538254843841,751.3419254869767,940.923400488888,952.3862621840416,984.7102709366126,804.3921407425773,121.22892434105266,983.17334,1000,0.98317334,SCALE UP
2025-06-26 11:00:00,993.9725657174208,11,3,26,6,0,948.9074937866442,935.0917188192656,871.4538254843841,1000.8647843475886,994.0309505853188,1004.3448705088616,804.7248112966505,121.63016726290202,995.5223,1000,0.9955223,SCALE UP
2025-06-26 12:00:00,1021.3557376852058,12,3,26,6,0,993.9725657174208,948.9074937866442,935.0917188192656,1016.7554642938242,1035.1865149424616,946.1068158523416,804.4376355203935,121.15413983486192,987.187,1000,0.987187,SCALE UP
2025-06-26 13:00:00,1031.4477528491157,13,3,26,6,0,1021.3557376852058,993.9725657174208,948.9074937866442,951.6519540094268,1059.4111799703442,1027.521685005178,804.6293135783677,121.50777567534902,985.0737,1000,0.9850737,SCALE UP
2025-06-26 14:00:00,959.6230836527634,14,3,26,6,0,1031.4477528491157,1021.3557376852058,993.9725657174208,982.7764915251314,954.750789377252,943.215134624507,807.9541385300214,126.68702451848908,959.2316,1000,0.9592316,SCALE UP
2025-06-26 15:00:00,907.7941286798606,15,3,26,6,0,959.6230836527634,1031.4477528491157,1021.3557376852058,968.1938896015668,922.0623252312204,916.5487359597572,806.9894132020062,125.37927283453816,925.6182,1000,0.9256182,SCALE UP
2025-06-26 16:00:00,852.9106111081092,16,3,26,6,0,907.7941286798606,959.6230836527634,1031.4477528491157,871.5790589474198,870.5586673366355,866.1657791795284,804.472756496935,122.5777178999565,856.8767,1000,0.8568767,SCALE UP
2025-06-26 17:00:00,767.3851928257001,17,3,26,6,0,852.9106111081092,907.7941286798606,959.6230836527634,802.9349708203277,782.4005444740582,795.7706274349775,803.6949045036304,122.19198684488344,801.23956,1000,0.80123956,SCALE UP
2025-06-26 18:00:00,743.1756057027844,18,3,26,6,0,767.3851928257001,852.9106111081092,907.7941286798606,697.7234693890625,744.2480972035289,695.6429585520815,802.2136637538542,122.4168640365378,699.08545,1000,0.69908545,MAINTAIN
2025-06-26 19:00:00,707.9592559325083,19,3,26,6,0,743.1756057027844,767.3851928257001,852.9106111081092,717.082976674282,736.4445349971526,704.3249547254177,804.1075027669259,121.07429454022368,701.24817,1000,0.70124817,MAINTAIN
2025-06-26 20:00:00,712.6329677036074,20,3,26,6,0,707.9592559325083,743.1756057027844,767.3851928257001,735.7020757294041,707.6510052568755,693.8688079825796,803.7273477360189,121.37337276262676,708.37354,1000,0.7083735400000001,MAINTAIN
2025-06-26 21:00:00,721.119401972851,21,3,26,6,0,712.6329677036074,707.9592559325083,743.1756057027844,650.7468088933261,715.691237813612,681.151216959659,802.7661349016107,122.0251173862668,691.88403,1000,0.6918840300000001,MAINTAIN
2025-06-26 22:00:00,688.360190143438,22,3,26,6,0,721.119401972851,712.6329677036074,707.9592559325083,702.3653958698392,716.6037269114524,690.0625414524608,805.6983262799241,119.02190899692634,695.62823,1000,0.6956282300000001,MAINTAIN
2025-06-26 23:00:00,737.0698347831881,23,3,26,6,0,688.360190143438,721.119401972851,712.6329677036074,693.1495126790663,751.2115154302506,709.4343660773288,805.1147760413241,119.58357307448136,697.88477,1000,0.69788477,MAINTAIN
2025-06-27 00:00:00,729.2000266337706,0,4,27,6,0,737.0698347831881,688.360190143438,721.119401972851,696.0270081427784,737.153179926867,709.2876498728801,806.9447894623291,118.12278631652264,703.6428,1000,0.7036428,MAINTAIN
2025-06-27 01:00:00,709.7009940441678,1,4,27,6,0,729.2000266337706,737.0698347831881,688.360190143438,703.9081435520078,708.4305465200389,702.2516467853584,808.3269985661204,116.95678740669337,715.33984,1000,0.71533984,MAINTAIN
2025-06-27 02:00:00,713.7731816994676,2,4,27,6,0,709.7009940441678,729.2000266337706,737.0698347831881,733.5450859392517,725.8739231399572,729.0697649618405,808.5683673366271,116.7376966878565,730.5851,1000,0.7305851,MAINTAIN
2025-06-27 03:00:00,732.6772216179487,3,4,27,6,0,713.7731816994676,709.7009940441678,729.2000266337706,748.5459913711034,699.2089394543825,692.1356184450558,807.7445379933029,117.3582793502435,713.2891,1000,0.7132891,MAINTAIN
2025-06-27 04:00:00,727.9105891557789,4,4,27,6,0,732.6772216179487,713.7731816994676,709.7009940441678,708.0711292155283,682.0336935130956,712.1481314898922,807.0833392535882,117.75035373198976,704.00507,1000,0.70400507,MAINTAIN
2025-06-27 05:00:00,687.3724992181649,5,4,27,6,0,727.9105891557789,732.6772216179487,713.7731816994676,703.2397790502317,724.7068444762286,692.4414866452806,807.9099834177651,117.09283940900497,721.4528,1000,0.7214528,MAINTAIN
2025-06-27 06:00:00,702.5522764449831,6,4,27,6,0,687.3724992181649,727.9105891557789,732.6772216179487,721.7365174911756,723.8912143050746,692.3447028172552,807.2488467580956,117.75246751117014,730.3022,1000,0.7303022,MAINTAIN
2025-06-27 07:00:00,805.7099402543064,7,4,27,6,0,702.5522764449831,687.3724992181649,727.9105891557789,751.3419254869767,804.1597122806702,748.290435476897,806.449503381171,118.42140697653404,761.11743,1000,0.76111743,SCALE UP
2025-06-27 08:00:00,901.1527436948298,8,4,27,6,0,805.7099402543064,702.5522764449831,687.3724992181649,871.4538254843841,846.5605724846428,874.6211493241624,808.7148373298097,117.8399839132684,892.6621,1000,0.8926621,SCALE UP
2025-06-27 09:00:00,921.3817473687662,9,4,27,6,0,901.1527436948298,805.7099402543064,702.5522764449831,935.0917188192656,940.3689927928742,921.1867156211188,809.9522922552451,118.68039954386336,944.1829,1000,0.9441829,SCALE UP
2025-06-27 10:00:00,956.6473979145368,10,4,27,6,0,921.3817473687662,901.1527436948298,805.7099402543064,948.9074937866442,940.923400488888,1004.570345732595,809.3810434448075,118.08336627822406,971.9502,1000,0.9719502,SCALE UP
2025-06-27 11:00:00,1024.992244362691,11,4,27,6,0,956.6473979145368,921.3817473687662,901.1527436948298,993.9725657174208,1000.8647843475886,976.995116676116,809.7035394501363,118.4908590736716,993.7511,1000,0.9937511,SCALE UP
2025-06-27 12:00:00,1030.048105541598,12,4,27,6,0,1024.992244362691,956.6473979145368,921.3817473687662,1021.3557376852058,1016.7554642938242,1008.326565066472,810.996026060356,120.73614505706124,995.3172,1000,0.9953171999999999,SCALE UP
2025-06-27 13:00:00,1001.343428212558,13,4,27,6,0,1030.048105541598,1024.992244362691,956.6473979145368,1031.4477528491157,951.6519540094268,986.3837965409456,811.3582080543724,121.40579487379206,985.88934,1000,0.98588934,SCALE UP
2025-06-27 14:00:00,945.4039497279276,14,4,27,6,0,1001.343428212558,1030.048105541598,1024.992244362691,959.6230836527634,982.7764915251314,940.960299647236,810.1038611945158,119.1678860576044,963.38196,1000,0.9633819600000001,SCALE UP
2025-06-27 15:00:00,921.8479125725252,15,4,27,6,0,945.4039497279276,1001.343428212558,1030.048105541598,907.7941286798606,968.1938896015668,930.7658048756938,809.5113972809809,118.42523752396556,931.4096,1000,0.9314096,SCALE UP
2025-06-27 16:00:00,854.1991287414356,16,4,27,6,0,921.8479125725252,945.4039497279276,1001.343428212558,852.9106111081092,871.5790589474198,843.2462000041062,810.0969716098421,118.9658548275473,849.3355,1000,0.8493355,SCALE UP
2025-06-27 17:00:00,789.3284442215091,17,4,27,6,0,854.1991287414356,921.8479125725252,945.4039497279276,767.3851928257001,802.9349708203277,816.9757436729574,810.150659844564,118.986305295274,811.14777,1000,0.81114777,SCALE UP
2025-06-27 18:00:00,696.2629183396443,18,4,27,6,0,789.3284442215091,854.1991287414356,921.8479125725252,743.1756057027844,697.7234693890625,709.2510633836049,811.064961986056,118.72742920184734,706.11646,1000,0.70611646,MAINTAIN
2025-06-27 19:00:00,728.9716179904501,19,4,27,6,0,696.2629183396443,789.3284442215091,854.1991287414356,707.9592559325083,717.082976674282,732.2611576167868,809.1102666792585,120.26989589564798,705.70886,1000,0.70570886,MAINTAIN
2025-06-27 20:00:00,774.6410139718477,20,4,27,6,0,728.9716179904501,696.2629183396443,789.3284442215091,712.6329677036074,735.7020757294041,715.6921353542507,809.985781765006,119.57602278009988,700.3743,1000,0.7003742999999999,MAINTAIN
2025-06-27 21:00:00,711.8479020033512,21,4,27,6,0,774.6410139718477,728.9716179904501,696.2629183396443,721.119401972851,650.7468088933261,672.432117964815,812.5694503595159,118.04112292144654,698.4911,1000,0.6984910999999999,MAINTAIN
2025-06-27 22:00:00,713.4663228250779,22,4,27,6,0,711.8479020033512,774.6410139718477,728.9716179904501,688.360190143438,702.3653958698392,705.1476772708658,812.1831378607868,118.36814189670564,695.2568,1000,0.6952568,MAINTAIN
2025-06-27 23:00:00,657.6300673802735,23,4,27,6,0,713.4663228250779,711.8479020033512,774.6410139718477,737.0698347831881,693.1495126790663,684.8896493319273,813.229226722522,117.33267740719316,710.21515,1000,0.71021515,MAINTAIN
2025-06-28 00:00:00,623.7791436908558,0,5,28,6,1,657.6300673802735,713.4663228250779,711.8479020033512,729.2000266337706,696.0270081427784,408.8527065703994,809.9192364140671,120.6482338941109,453.89542,1000,0.45389542,MAINTAIN
2025-06-28 01:00:00,433.7214390935887,1,5,28,6,1,623.7791436908558,657.6300673802735,713.4663228250779,709.7009940441678,703.9081435520078,428.1979506904498,805.5266996247791,125.53492395508913,443.52386,1000,0.44352386,MAINTAIN
2025-06-28 02:00:00,434.2353244715469,2,5,28,6,1,433.7214390935887,623.7791436908558,657.6300673802735,713.7731816994676,733.5450859392517,425.724172144628,794.027551501838,145.71270873116612,449.87958,1000,0.44987958,MAINTAIN
2025-06-28 03:00:00,423.19755922853454,3,5,28,6,1,434.2353244715469,433.7214390935887,623.7791436908558,732.6772216179487,748.5459913711034,413.66936571351295,782.3801407840082,162.6003690965273,445.1248,1000,0.4451248,MAINTAIN
2025-06-28 04:00:00,426.1672638528909,4,5,28,6,1,423.19755922853454,434.2353244715469,433.7214390935887,727.9105891557789,708.0711292155283,433.2929354156766,769.4851548511159,178.2335121374689,442.65338,1000,0.44265338000000004,MAINTAIN
2025-06-28 05:00:00,427.0358569296811,5,5,28,6,1,426.1672638528909,423.19755922853454,434.2353244715469,687.3724992181649,703.2397790502317,410.5811550317449,756.9125162968289,191.44647015779495,417.62125,1000,0.41762125,MAINTAIN
2025-06-28 06:00:00,433.2226017623502,6,5,28,6,1,427.0358569296811,426.1672638528909,423.19755922853454,702.5522764449831,721.7365174911756,429.4197279713952,746.0651562014755,202.6078996099564,444.59555,1000,0.44459555,MAINTAIN
2025-06-28 07:00:00,476.3473618576061,7,5,28,6,1,433.2226017623502,427.0358569296811,426.1672638528909,805.7099402543064,751.3419254869767,467.4819052450351,734.8430864230323,212.34751658551696,475.9463,1000,0.4759463,MAINTAIN
2025-06-28 08:00:00,530.7713552217417,8,5,28,6,1,476.3473618576061,433.2226017623502,427.0358569296811,901.1527436948298,871.4538254843841,524.3007217472317,721.1196456565032,218.1325584425732,591.6749,1000,0.5916749,MAINTAIN
2025-06-28 09:00:00,562.9710119566193,9,5,28,6,1,530.7713552217417,476.3473618576061,433.2226017623502,921.3817473687662,935.0917188192656,566.9805426847308,705.6870878034579,217.94358297594357,588.8436,1000,0.5888436,MAINTAIN
2025-06-28 10:00:00,584.3729420574628,10,5,28,6,1,562.9710119566193,530.7713552217417,476.3473618576061,956.6473979145368,948.9074937866442,576.2925078582846,690.7533071612851,214.77769985111263,579.87115,1000,0.5798711499999999,MAINTAIN
2025-06-28 11:00:00,620.5106617813628,11,5,28,6,1,584.3729420574628,562.9710119566193,530.7713552217417,1024.992244362691,993.9725657174208,583.914498509921,675.2418715005737,208.07818257220225,596.157,1000,0.596157,MAINTAIN
2025-06-28 12:00:00,607.6036235312251,12,5,28,6,1,620.5106617813628,584.3729420574628,562.9710119566193,1030.048105541598,1021.3557376852058,625.0355964766576,658.3884722263516,194.45279787454533,609.99677,1000,0.60999677,MAINTAIN
2025-06-28 13:00:00,592.7380981729467,13,5,28,6,1,607.6036235312251,620.5106617813628,584.3729420574628,1001.343428212558,1031.4477528491157,594.8077157795747,640.7866188092528,177.74993374917688,617.5519,1000,0.6175519,MAINTAIN
2025-06-28 14:00:00,575.8312922885254,14,5,28,6,1,592.7380981729467,607.6036235312251,620.5106617813628,945.4039497279276,959.6230836527634,600.2914858424468,623.761396724269,160.4391726588451,598.3929,1000,0.5983929,MAINTAIN
2025-06-28 15:00:00,548.113486091512,15,5,28,6,1,575.8312922885254,592.7380981729467,607.6036235312251,921.8479125725252,907.7941286798606,560.7347191131424,608.3625359976272,145.2417941957604,564.10736,1000,0.56410736,MAINTAIN
2025-06-28 16:00:00,505.78860322794407,16,5,28,6,1,548.113486091512,575.8312922885254,592.7380981729467,854.1991287414356,852.9106111081092,535.0455899864809,592.790268227585,129.33375868052144,536.04333,1000,0.5360433299999999,MAINTAIN
2025-06-28 17:00:00,490.9743408275053,17,5,28,6,1,505.78860322794407,548.113486091512,575.8312922885254,789.3284442215091,767.3851928257001,481.7875828744354,578.2731629978562,117.75118778824088,495.7209,1000,0.49572089999999996,MAINTAIN
2025-06-28 18:00:00,452.78159960388376,18,5,28,6,1,490.9743408275053,505.78860322794407,548.113486091512,696.2629183396443,743.1756057027844,433.7000852277403,565.841742023106,109.99420110180432,465.19623,1000,0.46519623,MAINTAIN
2025-06-28 19:00:00,414.0998482297635,19,5,28,6,1,452.78159960388376,490.9743408275053,505.78860322794407,728.9716179904501,707.9592559325083,427.276823328512,555.6966870757826,108.66250894665832,438.5048,1000,0.4385048,MAINTAIN
2025-06-28 20:00:00,433.6160709647839,20,5,28,6,1,414.0998482297635,452.78159960388376,490.9743408275053,774.6410139718477,712.6329677036074,435.1750979236455,542.5770300024207,105.80291214241517,446.98486,1000,0.44698486000000004,MAINTAIN
2025-06-28 21:00:00,415.884798165108,21,5,28,6,1,433.6160709647839,414.0998482297635,452.78159960388376,711.8479020033512,721.119401972851,422.9466709665416,528.3676573771264,95.6990165000326,424.9161,1000,0.42491609999999996,MAINTAIN
2025-06-28 22:00:00,437.2166134981439,22,5,28,6,1,415.884798165108,433.6160709647839,414.0998482297635,713.4663228250779,688.360190143438,429.9814513213967,516.0358613838663,89.92232814781505,429.8403,1000,0.4298403,MAINTAIN
2025-06-28 23:00:00,458.6475685593154,23,5,28,6,1,437.2166134981439,415.884798165108,433.6160709647839,657.6300673802735,737.0698347831881,431.0998233449995,504.5254568285773,80.76603841498886,439.2166,1000,0.4392166,MAINTAIN
2025-06-29 00:00:00,438.6264381643328,0,6,29,6,1,458.6475685593154,437.2166134981439,415.884798165108,623.7791436908558,729.2000266337706,420.196623260051,496.2345193777041,74.32201543960154,430.53284,1000,0.43053284,MAINTAIN
2025-06-29 01:00:00,426.47551895981456,1,6,29,6,1,438.6264381643328,458.6475685593154,437.2166134981439,433.7214390935887,709.7009940441678,415.39303510187295,488.5198233140989,69.99043055661636,428.92255,1000,0.42892255,MAINTAIN
2025-06-29 02:00:00,430.8000283533728,2,6,29,6,1,426.47551895981456,438.6264381643328,458.6475685593154,434.2353244715469,713.7731816994676,407.6572770092823,488.2179099751917,70.25222684021257,428.3568,1000,0.42835680000000004,MAINTAIN
2025-06-29 03:00:00,423.1347364543505,3,6,29,6,1,430.8000283533728,426.47551895981456,438.6264381643328,423.19755922853454,732.6772216179487,429.5005105554965,488.0747726369345,70.37039753158813,448.48096,1000,0.44848096,MAINTAIN
2025-06-29 04:00:00,420.6490372550402,4,6,29,6,1,423.1347364543505,430.8000283533728,426.47551895981456,426.1672638528909,727.9105891557789,587.2285187602672,488.0721550213434,70.37291686210173,554.19885,1000,0.55419885,MAINTAIN
2025-06-29 05:00:00,423.07730244842287,5,6,29,6,1,420.6490372550402,423.1347364543505,430.8000283533728,427.0358569296811,687.3724992181649,430.5841424855578,487.8422289130996,70.59264135533603,434.88086,1000,0.43488086,MAINTAIN
2025-06-29 06:00:00,428.7204061482064,6,6,29,6,1,423.07730244842287,420.6490372550402,423.1347364543505,433.2226017623502,702.5522764449831,403.3803549638631,487.6772891430473,70.74535204095054,423.57852,1000,0.42357852,MAINTAIN
2025-06-29 07:00:00,447.2381654296523,7,6,29,6,1,428.7204061482064,423.07730244842287,420.6490372550402,476.3473618576061,805.7099402543064,579.8322681348758,487.4896976591246,70.90182057984379,564.2142,1000,0.5642142,MAINTAIN
2025-06-29 08:00:00,518.2037166662391,8,6,29,6,1,447.2381654296523,428.7204061482064,423.07730244842287,530.7713552217417,901.1527436948298,495.3295823807798,486.27681447462646,71.34828716148296,533.3146,1000,0.5333146000000001,MAINTAIN
2025-06-29 09:00:00,550.8757612030494,9,6,29,6,1,518.2037166662391,447.2381654296523,428.7204061482064,562.9710119566193,921.3817473687662,539.1165397091304,485.7531628681472,71.05303522058222,560.3155,1000,0.5603155000000001,MAINTAIN
2025-06-29 10:00:00,565.9019774883528,10,6,29,6,1,550.8757612030494,518.2037166662391,447.2381654296523,584.3729420574628,956.6473979145368,800.2185727523048,485.2491940867485,70.52244129124516,586.3945,1000,0.5863945,MAINTAIN
2025-06-29 11:00:00,599.2972606445317,11,6,29,6,1,565.9019774883528,550.8757612030494,518.2037166662391,620.5106617813628,1024.992244362691,606.2476654912565,484.4795705630356,69.48683862255159,619.2639,1000,0.6192639000000001,MAINTAIN
2025-06-29 12:00:00,625.6150857450255,12,6,29,6,1,599.2972606445317,565.9019774883528,550.8757612030494,607.6036235312251,1030.048105541598,599.038383046062,483.5956788490009,67.7955913946027,619.41956,1000,0.6194195600000001,MAINTAIN
2025-06-29 13:00:00,629.5013597652144,13,6,29,6,1,625.6150857450255,599.2972606445317,565.9019774883528,592.7380981729467,1001.343428212558,597.8817095472534,484.3461564412426,69.31076686561903,584.9672,1000,0.5849672,MAINTAIN
2025-06-29 14:00:00,566.6226268608477,14,6,29,6,1,629.5013597652144,625.6150857450255,599.2972606445317,575.8312922885254,945.4039497279276,572.2764485023228,485.8779590075871,72.1581901229046,580.58575,1000,0.58058575,MAINTAIN
2025-06-29 15:00:00,549.9028518670051,15,6,29,6,1,566.6226268608477,629.5013597652144,625.6150857450255,548.113486091512,921.8479125725252,552.8599562941267,485.4942646147672,71.68198704871415,580.51373,1000,0.5805137300000001,MAINTAIN
2025-06-29 16:00:00,532.1702759804358,16,6,29,6,1,549.9028518670051,566.6226268608477,629.5013597652144,505.78860322794407,854.1991287414356,492.26426210099817,485.56882152207936,71.7508469729418,532.7829,1000,0.5327829000000001,MAINTAIN
2025-06-29 17:00:00,504.32886175674975,17,6,29,6,1,532.1702759804358,549.9028518670051,566.6226268608477,490.9743408275053,789.3284442215091,471.13723158089726,486.6680578867666,72.27426303657612,498.45496,1000,0.49845496,MAINTAIN
2025-06-29 18:00:00,443.0459238295065,18,6,29,6,1,504.32886175674975,532.1702759804358,549.9028518670051,452.78159960388376,696.2629183396443,418.9454299703572,487.2244962588184,72.36021552673198,437.354,1000,0.43735399999999997,MAINTAIN
2025-06-29 19:00:00,435.17027389357537,19,6,29,6,1,443.0459238295065,504.32886175674975,532.1702759804358,414.0998482297635,728.9716179904501,408.13313557293577,486.8188431015527,72.58862709430237,426.34756,1000,0.42634756,MAINTAIN
2025-06-29 20:00:00,445.8489934189446,20,6,29,6,1,435.17027389357537,443.0459238295065,504.32886175674975,433.6160709647839,774.6410139718477,425.31588511261936,487.6967775042115,71.79394610953715,452.77213,1000,0.45277213,MAINTAIN
2025-06-29 21:00:00,440.2116600554069,21,6,29,6,1,445.8489934189446,435.17027389357537,443.0459238295065,415.884798165108,711.8479020033512,438.6027504297725,488.2064826064682,71.43583471825939,443.86337,1000,0.44386337,MAINTAIN
2025-06-29 22:00:00,419.2885849425696,22,6,29,6,1,440.2116600554069,445.8489934189446,435.17027389357537,437.2166134981439,713.4663228250779,403.56484117478857,489.22010185189737,70.53189961609175,424.01645,1000,0.42401645000000004,MAINTAIN
2025-06-29 23:00:00,434.4789054144761,23,6,29,6,1,419.2885849425696,440.2116600554069,445.8489934189446,458.6475685593154,657.6300673802735,422.51882694762617,488.4731006620818,71.19840186807771,426.5569,1000,0.42655689999999996,MAINTAIN
